ID Number,Last Name,First Name,Email Address
22-1001-001,Dela Cruz,Juan,juan.delacruz@gmail.com
22-1001-002,Santos,Maria,maria.santos@gmail.com
22-1001-003,Guevarra,Ricardo,ricardo.guevarra@gmail.com
22-1001-004,Lopez,Elena,elena.lopez@gmail.com
22-1001-005,Garcia,Antonio,antonio.garcia@gmail.com
22-1001-006,Bautista,Isabel,isabel.bautista@gmail.com
22-1001-007,Reyes,Pedro,pedro.reyes@gmail.com
22-1001-008,Aquino,Corazon,corazon.aquino@gmail.com
22-1001-009,Mendoza,Benigno,benigno.mendoza@gmail.com
22-1001-010,Villanueva,Fulgencio,fulgencio.villanueva@gmail.com
